{"cameraMode":{"drawMode":0,"name":"Shaded","section":"Shading Mode"},"sceneLighting":true,"audioPlay":false,"sceneViewState":{"showFog":true,"showMaterialUpdate":false,"showSkybox":false,"showFlares":true,"showImageEffects":true,"showParticleSystems":true},"in2DMode":false,"pivot":{"x":0.326954185962677,"y":0.7066707611083984,"z":0.1600513458251953},"rotation":{"x":-0.3246295154094696,"y":0.20818200707435609,"z":-0.07347408682107926,"w":-0.9197282195091248},"size":1.442919373512268,"orthographic":false}