{"cameraMode":{"drawMode":0,"name":"Shaded","section":"Shading Mode"},"sceneLighting":true,"audioPlay":false,"sceneViewState":{"showFog":true,"showMaterialUpdate":false,"showSkybox":false,"showFlares":true,"showImageEffects":true,"showParticleSystems":true},"in2DMode":false,"pivot":{"x":2.1157777309417726,"y":4.773141384124756,"z":-7.872800827026367},"rotation":{"x":-0.1523268073797226,"y":0.4423852562904358,"z":-0.07653504610061646,"w":-0.8804748058319092},"size":2.99971342086792,"orthographic":false}