{"cameraMode":{"drawMode":0,"name":"Shaded","section":"Shading Mode"},"sceneLighting":false,"audioPlay":false,"sceneViewState":{"showFog":true,"showMaterialUpdate":false,"showSkybox":false,"showFlares":true,"showImageEffects":true,"showParticleSystems":true},"in2DMode":false,"pivot":{"x":6.009923934936523,"y":0.7512774467468262,"z":-4.280245780944824},"rotation":{"x":-0.10848189890384674,"y":0.6215801239013672,"z":-0.08747337013483048,"w":-0.7708609700202942},"size":1.500815510749817,"orthographic":false}