{"cameraMode":{"drawMode":0,"name":"Shaded","section":"Shading Mode"},"sceneLighting":true,"audioPlay":false,"sceneViewState":{"showFog":true,"showMaterialUpdate":false,"showSkybox":true,"showFlares":true,"showImageEffects":true,"showParticleSystems":true},"in2DMode":false,"pivot":{"x":-12.043996810913086,"y":13.127875328063965,"z":-18.364322662353517},"rotation":{"x":-0.22953790426254273,"y":-0.27661368250846865,"z":0.0682198628783226,"w":-0.9306736588478088},"size":7.150852203369141,"orthographic":false}