{"cameraMode":{"drawMode":0,"name":"Shaded","section":"Shading Mode"},"sceneLighting":true,"audioPlay":false,"sceneViewState":{"showFog":true,"showMaterialUpdate":false,"showSkybox":false,"showFlares":true,"showImageEffects":true,"showParticleSystems":true},"in2DMode":false,"pivot":{"x":0.0,"y":0.6209999322891235,"z":0.08899974822998047},"rotation":{"x":-0.18027083575725556,"y":-0.3050381541252136,"z":0.05891789123415947,"w":-0.9332700371742249},"size":7.056374549865723,"orthographic":false}