{"cameraMode":{"drawMode":0,"name":"Shaded","section":"Shading Mode"},"sceneLighting":true,"audioPlay":false,"sceneViewState":{"showFog":true,"showMaterialUpdate":false,"showSkybox":false,"showFlares":true,"showImageEffects":true,"showParticleSystems":true},"in2DMode":false,"pivot":{"x":1.2456729412078858,"y":3.697887659072876,"z":-4.177412033081055},"rotation":{"x":-0.2886087894439697,"y":0.014932997524738312,"z":-0.00450137909501791,"w":-0.957322895526886},"size":6.522238254547119,"orthographic":false}